timestamp,Aggregate Supply on Exchanges
2019-11-19 0:00,807648187.1
2019-11-20 0:00,801161362.4
2019-11-21 0:00,826591410.1
2019-11-22 0:00,847706083.4
2019-11-23 0:00,819576173.6
2019-11-24 0:00,810169639.1
2019-11-25 0:00,850689982.8
2019-11-26 0:00,841185435.7
2019-11-27 0:00,825058150.6
2019-11-28 0:00,817897247
2019-11-29 0:00,851492704.2
2019-11-30 0:00,841923040
2019-12-01 0:00,798625263.9
2019-12-02 0:00,781086841.3
2019-12-03 0:00,751813718.7
2019-12-04 0:00,758734747.1
2019-12-05 0:00,762334087.4
2019-12-06 0:00,756678167.2
2019-12-07 0:00,755558832.3
2019-12-08 0:00,738329161
2019-12-09 0:00,767783245.6
2019-12-10 0:00,979211520
2019-12-11 0:00,941282031
2019-12-12 0:00,954844564.4
2019-12-13 0:00,944647800.7
2019-12-14 0:00,933614472.9
2019-12-15 0:00,932395256.6
2019-12-16 0:00,926643715.3
2019-12-17 0:00,929711346.3
2019-12-18 0:00,938019910.1
2019-12-19 0:00,960039501.9
2019-12-20 0:00,940461793
2019-12-21 0:00,929848251.3
2019-12-22 0:00,920521407.7
2019-12-23 0:00,940709495.9
2019-12-24 0:00,938368308.3
2019-12-25 0:00,930353187.6
2019-12-26 0:00,920838692.6
2019-12-27 0:00,920694036.4
2019-12-28 0:00,917853479.2
2019-12-29 0:00,916221434.7
2019-12-30 0:00,916484168.6
2019-12-31 0:00,912391270.5
2020-01-01 0:00,907519375.2
2020-01-02 0:00,910540873.4
2020-01-03 0:00,888661540.6
2020-01-04 0:00,825794065.4
2020-01-05 0:00,813575461.9
2020-01-06 0:00,811250088.2
2020-01-07 0:00,789208152.3
2020-01-08 0:00,783217428.4
2020-01-09 0:00,757157821.1
2020-01-10 0:00,743215642.6
2020-01-11 0:00,742342611.9
2020-01-12 0:00,737781109.8
2020-01-13 0:00,744184009
2020-01-14 0:00,763848375.5
2020-01-15 0:00,770445391.9
2020-01-16 0:00,775879959.9
2020-01-17 0:00,762056296.1
2020-01-18 0:00,744375450.9
2020-01-19 0:00,742900270.4
2020-01-20 0:00,698077563.9
2020-01-21 0:00,704798743.7
2020-01-22 0:00,739663883.7
2020-01-23 0:00,699132134.4
2020-01-24 0:00,701455758.7
2020-01-25 0:00,697115766.2
2020-01-26 0:00,687016004.1
2020-01-27 0:00,680845450.6
2020-01-28 0:00,666765268.4
2020-01-29 0:00,666610297.4
2020-01-30 0:00,657209359.9
2020-01-31 0:00,664725427.2
2020-02-01 0:00,655558647.8
2020-02-02 0:00,640275158.6
2020-02-03 0:00,641920983.3
2020-02-04 0:00,648477061.5
2020-02-05 0:00,649744541.3
2020-02-06 0:00,662761290.9
2020-02-07 0:00,655207246.6
2020-02-08 0:00,661441838.2
2020-02-09 0:00,652450472.6
2020-02-10 0:00,629810361
2020-02-11 0:00,661752878.4
2020-02-12 0:00,686611292.9
2020-02-13 0:00,681283770.6
2020-02-14 0:00,687078997.3
2020-02-15 0:00,678129285.8
2020-02-16 0:00,685537108.5
2020-02-17 0:00,706905990.3
2020-02-18 0:00,709758716.6
2020-02-19 0:00,710622083.7
2020-02-20 0:00,1021641985
2020-02-21 0:00,1031774752
2020-02-22 0:00,985290066.3
2020-02-23 0:00,972038522.5
2020-02-24 0:00,968127429.2
2020-02-25 0:00,974008106.6
2020-02-26 0:00,968936750
2020-02-27 0:00,1002432658
2020-02-28 0:00,993912996.7
2020-02-29 0:00,984322003.1
2020-03-01 0:00,968898306.1
2020-03-02 0:00,999464233.2
2020-03-03 0:00,998940567.7
2020-03-04 0:00,1007899177
2020-03-05 0:00,1189761677
2020-03-06 0:00,1193328165
2020-03-07 0:00,1179316828
2020-03-08 0:00,1208026951
2020-03-09 0:00,1268053193
2020-03-10 0:00,1287435349
2020-03-11 0:00,1314838040
2020-03-12 0:00,1423025024
2020-03-13 0:00,1566337853
2020-03-14 0:00,1616420569
2020-03-15 0:00,1603042108
2020-03-16 0:00,1681874491
2020-03-17 0:00,1789121788
2020-03-18 0:00,1835876391
2020-03-19 0:00,1924190455
2020-03-20 0:00,1989332364
2020-03-21 0:00,2003632707
2020-03-22 0:00,1986924511
2020-03-23 0:00,1984476070
2020-03-24 0:00,2025690526
2020-03-25 0:00,2127302619
2020-03-26 0:00,2167430386
2020-03-27 0:00,2185217817
2020-03-28 0:00,2231413988
2020-03-29 0:00,2216442266
2020-03-30 0:00,2260550786
2020-03-31 0:00,2282308867
2020-04-01 0:00,2356533714
2020-04-02 0:00,2388742554
2020-04-03 0:00,2395512615
2020-04-04 0:00,2397981405
2020-04-05 0:00,2381006076
2020-04-06 0:00,2394566723
2020-04-07 0:00,2397337938
2020-04-08 0:00,2406023342
2020-04-09 0:00,2401804711
2020-04-10 0:00,2415889119
2020-04-11 0:00,2428497792
2020-04-12 0:00,2444551297
2020-04-13 0:00,2510947441
2020-04-14 0:00,2578225640
2020-04-15 0:00,2590291328
2020-04-16 0:00,2590853486
2020-04-17 0:00,2613793523
2020-04-18 0:00,2617109858
2020-04-19 0:00,2607757790
2020-04-20 0:00,2637822506
2020-04-21 0:00,2696346583
2020-04-22 0:00,2739281838
2020-04-23 0:00,2756537690
2020-04-24 0:00,2706872626
2020-04-25 0:00,2692254416
2020-04-26 0:00,2681478688
2020-04-27 0:00,2798466051
2020-04-28 0:00,2764048930
2020-04-29 0:00,2789139001
2020-04-30 0:00,2607086789
2020-05-01 0:00,2554190576
2020-05-02 0:00,2552096451
2020-05-03 0:00,2544463798
2020-05-04 0:00,2525666559
2020-05-05 0:00,2531448599
2020-05-06 0:00,2540606636
2020-05-07 0:00,2547071905
2020-05-08 0:00,2524646225
2020-05-09 0:00,2483456824
2020-05-10 0:00,2590246318
2020-05-11 0:00,2571221333
2020-05-12 0:00,2558527217
2020-05-13 0:00,2510595736
2020-05-14 0:00,2443190151
2020-05-15 0:00,2387455088
2020-05-16 0:00,2392029809
2020-05-17 0:00,2373201003
2020-05-18 0:00,2331229799
2020-05-19 0:00,2274083920
2020-05-20 0:00,2260613421
2020-05-21 0:00,2220002697
2020-05-22 0:00,2196412337
2020-05-23 0:00,2203830564
2020-05-24 0:00,2192196203
2020-05-25 0:00,2174671100
2020-05-26 0:00,2145116012
2020-05-27 0:00,2150157802
2020-05-28 0:00,2165326547
2020-05-29 0:00,2129116809
2020-05-30 0:00,2142006859
2020-05-31 0:00,2108456472
2020-06-01 0:00,2091791346
2020-06-02 0:00,2146624838
2020-06-03 0:00,2158531032
2020-06-04 0:00,2146325651
2020-06-05 0:00,2122001815
2020-06-06 0:00,2099642841
2020-06-07 0:00,2083782407
2020-06-08 0:00,2068627839
2020-06-09 0:00,2047795305
2020-06-10 0:00,2035576519
2020-06-11 0:00,2037567517
2020-06-12 0:00,2072242222
2020-06-13 0:00,2077143931
2020-06-14 0:00,2049354223
2020-06-15 0:00,2035654851
2020-06-16 0:00,2036181332
2020-06-17 0:00,2023619733
2020-06-18 0:00,2031337965
2020-06-19 0:00,2053577680
2020-06-20 0:00,2027186338
2020-06-21 0:00,2020552078
2020-06-22 0:00,2034490404
2020-06-23 0:00,1949583046
2020-06-24 0:00,2000674045
2020-06-25 0:00,2008058024
2020-06-26 0:00,2023047482
2020-06-27 0:00,2034000374
2020-06-28 0:00,2041805078
2020-06-29 0:00,2349177677
2020-06-30 0:00,2318463554
2020-07-01 0:00,2302564600
2020-07-02 0:00,2278463648
2020-07-03 0:00,2282653781
2020-07-04 0:00,2247518093
2020-07-05 0:00,2219412822
2020-07-06 0:00,2176327173
2020-07-07 0:00,2135339821
2020-07-08 0:00,2118096907
2020-07-09 0:00,2068599694
2020-07-10 0:00,2036963315
2020-07-11 0:00,2041307914
2020-07-12 0:00,1995686561
2020-07-13 0:00,1940616097
2020-07-14 0:00,2025050369
2020-07-15 0:00,2015212559
2020-07-16 0:00,1991588652
2020-07-17 0:00,1989026510
2020-07-18 0:00,1971135285
2020-07-19 0:00,1917134405
2020-07-20 0:00,1864085293
2020-07-21 0:00,1843869404
2020-07-22 0:00,1874934884
2020-07-23 0:00,1818731072
2020-07-24 0:00,1764764851
2020-07-25 0:00,1710968908
2020-07-26 0:00,1716355500
2020-07-27 0:00,1709777277
2020-07-28 0:00,1719902707
2020-07-29 0:00,1621340191
2020-07-30 0:00,1533720372
2020-07-31 0:00,1467510440
2020-08-01 0:00,1519070363
2020-08-02 0:00,1539909984
2020-08-03 0:00,1520680603
2020-08-04 0:00,1578702035
2020-08-05 0:00,1547402031
2020-08-06 0:00,1635667235
2020-08-07 0:00,1620610666
2020-08-08 0:00,1577292860
2020-08-09 0:00,1528985629
2020-08-10 0:00,1851237037
2020-08-11 0:00,1908351502
2020-08-12 0:00,1795031871
2020-08-13 0:00,1870438288
2020-08-14 0:00,1781140185
2020-08-15 0:00,1688536468
2020-08-16 0:00,1648709923
2020-08-17 0:00,1622710247
2020-08-18 0:00,1561224391
2020-08-19 0:00,1600434661
2020-08-20 0:00,2551480419
2020-08-21 0:00,2610176454
2020-08-22 0:00,2563160514
2020-08-23 0:00,2556568909
2020-08-24 0:00,2448671280
2020-08-25 0:00,2377661662
2020-08-26 0:00,2345419220
2020-08-27 0:00,2321412759
2020-08-28 0:00,2221229531
2020-08-29 0:00,2149163666
2020-08-30 0:00,2042196053
2020-08-31 0:00,1970633266
2020-09-01 0:00,1822658004
2020-09-02 0:00,1751985756
2020-09-03 0:00,1755715092
2020-09-04 0:00,1932253963
2020-09-05 0:00,1810499733
2020-09-06 0:00,1877582464
2020-09-07 0:00,1821885456
2020-09-08 0:00,1865101271
2020-09-09 0:00,1801543074
2020-09-10 0:00,1803429811
2020-09-11 0:00,1777824052
2020-09-12 0:00,1720978126
2020-09-13 0:00,1689600738
2020-09-14 0:00,1756720554
2020-09-15 0:00,2648658030
2020-09-16 0:00,2610104452
2020-09-17 0:00,2561350746
2020-09-18 0:00,2604967679
2020-09-19 0:00,2627438416
2020-09-20 0:00,2573611560
2020-09-21 0:00,2749499340
2020-09-22 0:00,2724561141
2020-09-23 0:00,2763493536
2020-09-24 0:00,2785817458
2020-09-25 0:00,2693152212
2020-09-26 0:00,2653237862
2020-09-27 0:00,2611822716
2020-09-28 0:00,2602856439
2020-09-29 0:00,2584460178
2020-09-30 0:00,2605213277
2020-10-01 0:00,2682490278
2020-10-02 0:00,2705780232
2020-10-03 0:00,2804214764
2020-10-04 0:00,2814283369
2020-10-05 0:00,2924710617
2020-10-06 0:00,2962616400
2020-10-07 0:00,2944994838
2020-10-08 0:00,2949005142
2020-10-09 0:00,2954485213
2020-10-10 0:00,2922655561
2020-10-11 0:00,2908814031
2020-10-12 0:00,2915502991
2020-10-13 0:00,2983887803
2020-10-14 0:00,3061098426
2020-10-15 0:00,3083685565
2020-10-16 0:00,2982938079
2020-10-17 0:00,2963520277
2020-10-18 0:00,2926486413
2020-10-19 0:00,2911824073
2020-10-20 0:00,2911592090
2020-10-21 0:00,2928590763
2020-10-22 0:00,2927104100
2020-10-23 0:00,2897973272
2020-10-24 0:00,2898421097
2020-10-25 0:00,2879732809
2020-10-26 0:00,2991567054
2020-10-27 0:00,3028235348
2020-10-28 0:00,3144274954
2020-10-29 0:00,3091930377
2020-10-30 0:00,3126893605
2020-10-31 0:00,3114648578
2020-11-01 0:00,3058772786
2020-11-02 0:00,3014853483
2020-11-03 0:00,3050478401
2020-11-04 0:00,2961583812
2020-11-05 0:00,2915012283
2020-11-06 0:00,2895236113
2020-11-07 0:00,2912772745
2020-11-08 0:00,2830218271
2020-11-09 0:00,2905003996
2020-11-10 0:00,2885716210
2020-11-11 0:00,2954041965
2020-11-12 0:00,2917309747
2020-11-13 0:00,2870092214
2020-11-14 0:00,2868912993
2020-11-15 0:00,2849721635
2020-11-16 0:00,2923738167
2020-11-17 0:00,2851958122
2020-11-18 0:00,2970976165
2020-11-19 0:00,2948041300
2020-11-20 0:00,2921733832
2020-11-21 0:00,2872254401
2020-11-22 0:00,2931205725
2020-11-23 0:00,3056586702
2020-11-24 0:00,3191411356
2020-11-25 0:00,3298603898
2020-11-26 0:00,3243669001
2020-11-27 0:00,3195215210
2020-11-28 0:00,3260505684
2020-11-29 0:00,3209751214
2020-11-30 0:00,3199269367
2020-12-01 0:00,3127452035
2020-12-02 0:00,3112856156
2020-12-03 0:00,3125601773
2020-12-04 0:00,3137803731
2020-12-05 0:00,3111538546
2020-12-06 0:00,3046414195
2020-12-07 0:00,2967651362
2020-12-08 0:00,3005118368
2020-12-09 0:00,3055523709
2020-12-10 0:00,2984077600
2020-12-11 0:00,3066902067
2020-12-12 0:00,3127356383
2020-12-13 0:00,2988297720
2020-12-14 0:00,2935068524
2020-12-15 0:00,3027882842
2020-12-16 0:00,3036954994
2020-12-17 0:00,2920850881
2020-12-18 0:00,2899066022
2020-12-19 0:00,3016394516
2020-12-20 0:00,2980009470
2020-12-21 0:00,3013872504
2020-12-22 0:00,2896716168
2020-12-23 0:00,3106229147
2020-12-24 0:00,3312468323
2020-12-25 0:00,3231998186
2020-12-26 0:00,3208254197
2020-12-27 0:00,3163543179
2020-12-28 0:00,3102161552
2020-12-29 0:00,3267030915
2020-12-30 0:00,3268830347
2020-12-31 0:00,3437257595
2021-01-01 0:00,3802923920
2021-01-02 0:00,3841427749
2021-01-03 0:00,3794119771
2021-01-04 0:00,4018989427
2021-01-05 0:00,4006964840
2021-01-06 0:00,4119006841
2021-01-07 0:00,4088291363
2021-01-08 0:00,4121188743
2021-01-09 0:00,4192630140
2021-01-10 0:00,4192455820
2021-01-11 0:00,4435320651
2021-01-12 0:00,4719478870
2021-01-13 0:00,4720175196
2021-01-14 0:00,4501793011
2021-01-15 0:00,4747385059
2021-01-16 0:00,4732667944
2021-01-17 0:00,4746975451
2021-01-18 0:00,4675781049
2021-01-19 0:00,4203321653
2021-01-20 0:00,4207488908
2021-01-21 0:00,4143130052
2021-01-22 0:00,4374414959
2021-01-23 0:00,4283785001
2021-01-24 0:00,4254338563
2021-01-25 0:00,4238776312
2021-01-26 0:00,4567679838
2021-01-27 0:00,4802345261
2021-01-28 0:00,4705170636
2021-01-29 0:00,4822710150
2021-01-30 0:00,4966078290
2021-01-31 0:00,4957023092
2021-02-01 0:00,4816144676
2021-02-02 0:00,4868575343
2021-02-03 0:00,7200298211
2021-02-04 0:00,7410871555
2021-02-05 0:00,7568484036
2021-02-06 0:00,7463048984
2021-02-07 0:00,7843278136
2021-02-08 0:00,7724629982
2021-02-09 0:00,7874800135
2021-02-10 0:00,8072986315
2021-02-11 0:00,8151105609
2021-02-12 0:00,8127740374
2021-02-13 0:00,8191715265
2021-02-14 0:00,8227960043
2021-02-15 0:00,8190678343
2021-02-16 0:00,8047224561
2021-02-17 0:00,8222297862
2021-02-18 0:00,8142222256
2021-02-19 0:00,8501572139
2021-02-20 0:00,8804858377
2021-02-21 0:00,8757491729
2021-02-22 0:00,9194631094
2021-02-23 0:00,9129713904
2021-02-24 0:00,9583469445
2021-02-25 0:00,9533125518
2021-02-26 0:00,9706256929
2021-02-27 0:00,9775186184
2021-02-28 0:00,9855929441
2021-03-01 0:00,9990683851
2021-03-02 0:00,10314110144
2021-03-03 0:00,10131571293
2021-03-04 0:00,9992028077
2021-03-05 0:00,10321695996
2021-03-06 0:00,10320614551
2021-03-07 0:00,9547137946
2021-03-08 0:00,9349129634
2021-03-09 0:00,9401774218
2021-03-10 0:00,9684611015
2021-03-11 0:00,9383606348
2021-03-12 0:00,9787750360
2021-03-13 0:00,9608797129
2021-03-14 0:00,9569666437
2021-03-15 0:00,10594453424
2021-03-16 0:00,10860025484
2021-03-17 0:00,11073243253
2021-03-18 0:00,11165937145
2021-03-19 0:00,10908111448
2021-03-20 0:00,11103576270
2021-03-21 0:00,11018499671
2021-03-22 0:00,11109043404
2021-03-23 0:00,11211947842
2021-03-24 0:00,11176355293
2021-03-25 0:00,11217445005
2021-03-26 0:00,11805098767
2021-03-27 0:00,12446914330
2021-03-28 0:00,12482553553
2021-03-29 0:00,12226414321
2021-03-30 0:00,12441786094
2021-03-31 0:00,12185060846
2021-04-01 0:00,12194168307
2021-04-02 0:00,12681391143
2021-04-03 0:00,12964616313
2021-04-04 0:00,13125285482
2021-04-05 0:00,12936783716
2021-04-06 0:00,12927182681
2021-04-07 0:00,13316301702
2021-04-08 0:00,14013414417
2021-04-09 0:00,14573885959
2021-04-10 0:00,14555065806
2021-04-11 0:00,14651138951
2021-04-12 0:00,14475570864
2021-04-13 0:00,14383987774
2021-04-14 0:00,14841229447
2021-04-15 0:00,15132151257
2021-04-16 0:00,16238025191
2021-04-17 0:00,16460098177
2021-04-18 0:00,16816112296
2021-04-19 0:00,16763209210
2021-04-20 0:00,17175550692
2021-04-21 0:00,17540496275
2021-04-22 0:00,17060828125
2021-04-23 0:00,17211449930
2021-04-24 0:00,17409333003
2021-04-25 0:00,17833447363
2021-04-26 0:00,17839404732
2021-04-27 0:00,17865321557
2021-04-28 0:00,17393803478
2021-04-29 0:00,17579003343
2021-04-30 0:00,18122776933
2021-05-01 0:00,18249452313
2021-05-02 0:00,18550922243
2021-05-03 0:00,18317161589
2021-05-04 0:00,18565693767
2021-05-05 0:00,19139301891
2021-05-06 0:00,19673378088
2021-05-07 0:00,19312183726
2021-05-08 0:00,19218587525
2021-05-09 0:00,19048951863
2021-05-10 0:00,19723259472
2021-05-11 0:00,19766432775
2021-05-12 0:00,19392124200
2021-05-13 0:00,19446037245
2021-05-14 0:00,19916073658
2021-05-15 0:00,19689954257
2021-05-16 0:00,19397996537
2021-05-17 0:00,20480253429
2021-05-18 0:00,20144675151
2021-05-19 0:00,21093210356
2021-05-20 0:00,21425390738
2021-05-21 0:00,21945749225
2021-05-22 0:00,21981759757
2021-05-23 0:00,21389246852
2021-05-24 0:00,21330376699
2021-05-25 0:00,21758190902
2021-05-26 0:00,21497769070
2021-05-27 0:00,21147525983
2021-05-28 0:00,21268140659
2021-05-29 0:00,20569704526
2021-05-30 0:00,20346460457
2021-05-31 0:00,22427642552
2021-06-01 0:00,23269934898
2021-06-02 0:00,23211795577
2021-06-03 0:00,23134498260
2021-06-04 0:00,23775624571
2021-06-05 0:00,23889528924
2021-06-06 0:00,23823965348
2021-06-07 0:00,23773560296
2021-06-08 0:00,23900266180
2021-06-09 0:00,23828768687
2021-06-10 0:00,23516985691
2021-06-11 0:00,24010767254
2021-06-12 0:00,24100533188
2021-06-13 0:00,24117816663
2021-06-14 0:00,23960843118
2021-06-15 0:00,23859046482
2021-06-16 0:00,23668890125
2021-06-17 0:00,23545303670
2021-06-18 0:00,23714525240
2021-06-19 0:00,23742951299
2021-06-20 0:00,23888837348
2021-06-21 0:00,24269342892
2021-06-22 0:00,24804044928
2021-06-23 0:00,24676519787
2021-06-24 0:00,25073757009
2021-06-25 0:00,25107284372
2021-06-26 0:00,25340455262
2021-06-27 0:00,25166529254
2021-06-28 0:00,25076468682
2021-06-29 0:00,24857108466
2021-06-30 0:00,24675688542
2021-07-01 0:00,24957475912
2021-07-02 0:00,25092072920
2021-07-03 0:00,25150678572
2021-07-04 0:00,25126608490
2021-07-05 0:00,25069503776
2021-07-06 0:00,24923703552
2021-07-07 0:00,24963586871
2021-07-08 0:00,25188490040
2021-07-09 0:00,25169691670
2021-07-10 0:00,25025322730
2021-07-11 0:00,24905692311
2021-07-12 0:00,24239649394
2021-07-13 0:00,23634024122
2021-07-14 0:00,24178812469
2021-07-15 0:00,24459466349
2021-07-16 0:00,24258672554
2021-07-17 0:00,24332615861
2021-07-18 0:00,24440649837
2021-07-19 0:00,24595428097
2021-07-20 0:00,24951849182
2021-07-21 0:00,24842561720
2021-07-22 0:00,25040534774
2021-07-23 0:00,25036379884
2021-07-24 0:00,25133261983
2021-07-25 0:00,25105447962
2021-07-26 0:00,24957243492
2021-07-27 0:00,25236956148
2021-07-28 0:00,25368678643
2021-07-29 0:00,25246504383
2021-07-30 0:00,25343049468
2021-07-31 0:00,25264782147
2021-08-01 0:00,25089062436
2021-08-02 0:00,24994029461
2021-08-03 0:00,24779333348
2021-08-04 0:00,24591325207
2021-08-05 0:00,25470540803
2021-08-06 0:00,25510205048
2021-08-07 0:00,25413315109
2021-08-08 0:00,25356723952
2021-08-09 0:00,25089850711
2021-08-10 0:00,25180894589
2021-08-11 0:00,24998901952
2021-08-12 0:00,25022557584
2021-08-13 0:00,24938363169
2021-08-14 0:00,25068001317
2021-08-15 0:00,24966960819
2021-08-16 0:00,24784616928
2021-08-17 0:00,24762376760
2021-08-18 0:00,25023783829
2021-08-19 0:00,24714880646
2021-08-20 0:00,25243823479
2021-08-21 0:00,25191243222
2021-08-22 0:00,25350928238
2021-08-23 0:00,25256225037
2021-08-24 0:00,27034791607
2021-08-25 0:00,27243512469
2021-08-26 0:00,27154554610
2021-08-27 0:00,27167046163
2021-08-28 0:00,27127539213
2021-08-29 0:00,27176809787
2021-08-30 0:00,27052249926
2021-08-31 0:00,26971348811
2021-09-01 0:00,26966073334
2021-09-02 0:00,27250280644
2021-09-03 0:00,27157302215
2021-09-04 0:00,27074024877
2021-09-05 0:00,27092249430
2021-09-06 0:00,27144523156
2021-09-07 0:00,27650216206
2021-09-08 0:00,27589256917
2021-09-09 0:00,27043626295
2021-09-10 0:00,26879961222
2021-09-11 0:00,26872284874
2021-09-12 0:00,26740551131
2021-09-13 0:00,26555337269
2021-09-14 0:00,26667778049
2021-09-15 0:00,26398846088
2021-09-16 0:00,26293883996
2021-09-17 0:00,26461749605
2021-09-18 0:00,26693354139
2021-09-19 0:00,26719942665
2021-09-20 0:00,27636081329
2021-09-21 0:00,27648773411
2021-09-22 0:00,27916603760
2021-09-23 0:00,27671442738
2021-09-24 0:00,28412937741
2021-09-25 0:00,28409719064
2021-09-26 0:00,28461930149
2021-09-27 0:00,27947875622
2021-09-28 0:00,27754953452
2021-09-29 0:00,27559798336
2021-09-30 0:00,26472170991
2021-10-01 0:00,26549954726
2021-10-02 0:00,26633167596
2021-10-03 0:00,26422659916
2021-10-04 0:00,26284574292
2021-10-05 0:00,26010003486
2021-10-06 0:00,25720391639
2021-10-07 0:00,25399928821
2021-10-08 0:00,25349695206
2021-10-09 0:00,25343262189
2021-10-10 0:00,25429858456
2021-10-11 0:00,26025506944
2021-10-12 0:00,25932099748
2021-10-13 0:00,25646710247
2021-10-14 0:00,25730161088
2021-10-15 0:00,25728875685
2021-10-16 0:00,25840520710
2021-10-17 0:00,25751762397
2021-10-18 0:00,25660714790
2021-10-19 0:00,25437204361
2021-10-20 0:00,25697438328
2021-10-21 0:00,25816159696
2021-10-22 0:00,25908799144
2021-10-23 0:00,25845071889
2021-10-24 0:00,25824282748
2021-10-25 0:00,25608932566
2021-10-26 0:00,25590229797
2021-10-27 0:00,26153588570
2021-10-28 0:00,26163407361
2021-10-29 0:00,25984741029
2021-10-30 0:00,26020509010
2021-10-31 0:00,25934137103
2021-11-01 0:00,25999037145
2021-11-02 0:00,26510793467
2021-11-03 0:00,26648744834
2021-11-04 0:00,27031293755
2021-11-05 0:00,27554833268
2021-11-06 0:00,27516636457
2021-11-07 0:00,27217055132
2021-11-08 0:00,26788793306
2021-11-09 0:00,28844356908
2021-11-10 0:00,28052627173
2021-11-11 0:00,27755935139
2021-11-12 0:00,27700474118
2021-11-13 0:00,27568956270
2021-11-14 0:00,27634205718
2021-11-15 0:00,27144255008
2021-11-16 0:00,27527917840
2021-11-17 0:00,27035495490
2021-11-18 0:00,26552505467
2021-11-19 0:00,25870079461
2021-11-20 0:00,25583067045
2021-11-21 0:00,25979973538
2021-11-22 0:00,25880137274
2021-11-23 0:00,25253133563
2021-11-24 0:00,25421372101
2021-11-25 0:00,25269879939
2021-11-26 0:00,25943208847
2021-11-27 0:00,26093051529
2021-11-28 0:00,25926755923
2021-11-29 0:00,25807055356
2021-11-30 0:00,26885088975
2021-12-01 0:00,27608713843
2021-12-02 0:00,27522745736
2021-12-03 0:00,28058951262
2021-12-04 0:00,28891290146
2021-12-05 0:00,28843343670
2021-12-06 0:00,27944755228
2021-12-07 0:00,28055413546
2021-12-08 0:00,27942347895
2021-12-09 0:00,27589497644
2021-12-10 0:00,29601727232
2021-12-11 0:00,29659479693
2021-12-12 0:00,29596051603
2021-12-13 0:00,29668038012
2021-12-14 0:00,29569897424
2021-12-15 0:00,29404228786
2021-12-16 0:00,29215990898
2021-12-17 0:00,29586452156
2021-12-18 0:00,29686525402
2021-12-19 0:00,29674142514
2021-12-20 0:00,29397265286
2021-12-21 0:00,29331214163
2021-12-22 0:00,29493670250
2021-12-23 0:00,29974076796
2021-12-24 0:00,31648571637
2021-12-25 0:00,31229515134
2021-12-26 0:00,31080628600
2021-12-27 0:00,31236949191
2021-12-28 0:00,31383602367
2021-12-29 0:00,31107050531
2021-12-30 0:00,30375591677
2021-12-31 0:00,29863323075
2022-01-01 0:00,29751248392
2022-01-02 0:00,29556408575
2022-01-03 0:00,29380360914
2022-01-04 0:00,29350375276
2022-01-05 0:00,29434668983
2022-01-06 0:00,29682770963
2022-01-07 0:00,29809434427
2022-01-08 0:00,29822236490
2022-01-09 0:00,29620443832
2022-01-10 0:00,29516455744
2022-01-11 0:00,29587187173
2022-01-12 0:00,29775575033
2022-01-13 0:00,29873319098
2022-01-14 0:00,30013259559
2022-01-15 0:00,29979676726
2022-01-16 0:00,29877377297
2022-01-17 0:00,29684831382
2022-01-18 0:00,29594830789
2022-01-19 0:00,29275091162
2022-01-20 0:00,29281075005
2022-01-21 0:00,29065871236
2022-01-22 0:00,31080812840
2022-01-23 0:00,31266999867
2022-01-24 0:00,31829081176
2022-01-25 0:00,32138443324
2022-01-26 0:00,32549226341
2022-01-27 0:00,32888433035
2022-01-28 0:00,33351680884
2022-01-29 0:00,34039273784
2022-01-30 0:00,34125943950
2022-01-31 0:00,34376876511
2022-02-01 0:00,34563388303
2022-02-02 0:00,35087500180
2022-02-03 0:00,35517999623
2022-02-04 0:00,35682322724
2022-02-05 0:00,35750691206
2022-02-06 0:00,35707864480
2022-02-07 0:00,36100952489
2022-02-08 0:00,36305540755
2022-02-09 0:00,36449773306
2022-02-10 0:00,36569597701
2022-02-11 0:00,36756803340
2022-02-12 0:00,36493599450
2022-02-13 0:00,36531864986
2022-02-14 0:00,36237906858
2022-02-15 0:00,36462930910
2022-02-16 0:00,36020943982
2022-02-17 0:00,36410893692
2022-02-18 0:00,36544060557
2022-02-19 0:00,36564262403
2022-02-20 0:00,36570979504
2022-02-21 0:00,36326734395
2022-02-22 0:00,36148642526
2022-02-23 0:00,36489935803
2022-02-24 0:00,36855069968
2022-02-25 0:00,36641824566
2022-02-26 0:00,36523358626
2022-02-27 0:00,36525256177
2022-02-28 0:00,36332837082
2022-03-01 0:00,36075786717
2022-03-02 0:00,35647852703
2022-03-03 0:00,35211126506
2022-03-04 0:00,34997899732
2022-03-05 0:00,34872208267
2022-03-06 0:00,35012604375
2022-03-07 0:00,34816918621
2022-03-08 0:00,34835595256
2022-03-09 0:00,34604154029
2022-03-10 0:00,34802926467
2022-03-11 0:00,34730169563
2022-03-12 0:00,34733359749
2022-03-13 0:00,34953988671
2022-03-14 0:00,34925016559
2022-03-15 0:00,34637197211
2022-03-16 0:00,34729285896
2022-03-17 0:00,34526312393
2022-03-18 0:00,34579741585
2022-03-19 0:00,34744002576
2022-03-20 0:00,34610255595
2022-03-21 0:00,34671178303
2022-03-22 0:00,34537294370
2022-03-23 0:00,34636150099
2022-03-24 0:00,34890721367
2022-03-25 0:00,34659117946
2022-03-26 0:00,34612755798
2022-03-27 0:00,34797113066
2022-03-28 0:00,34698142277
2022-03-29 0:00,34517476203
2022-03-30 0:00,34761974701
2022-03-31 0:00,34650384000
2022-04-01 0:00,35357221187
2022-04-02 0:00,35519596951
2022-04-03 0:00,35449665692
2022-04-04 0:00,35235296469
2022-04-05 0:00,35260377676
2022-04-06 0:00,35249417995
2022-04-07 0:00,35105592887
2022-04-08 0:00,35002455791
2022-04-09 0:00,35224146750
2022-04-10 0:00,35400525204
2022-04-11 0:00,35289840079
2022-04-12 0:00,35248209443
2022-04-13 0:00,34867976830
2022-04-14 0:00,34864245775
2022-04-15 0:00,34680194143
2022-04-16 0:00,34691445286
2022-04-17 0:00,34663034785
2022-04-18 0:00,34622600652
2022-04-19 0:00,34736484751
2022-04-20 0:00,34337300857
2022-04-21 0:00,34317288494
2022-04-22 0:00,34658955875
2022-04-23 0:00,34709154394
2022-04-24 0:00,34183213214
2022-04-25 0:00,34400503692
2022-04-26 0:00,33895191370
2022-04-27 0:00,33640830391
2022-04-28 0:00,33701388200
2022-04-29 0:00,33846738134
2022-04-30 0:00,33819024577
2022-05-01 0:00,33781860996
2022-05-02 0:00,33807183974
2022-05-03 0:00,33287024769
2022-05-04 0:00,33169379142
2022-05-05 0:00,33402104252
2022-05-06 0:00,32917181592
2022-05-07 0:00,33053874235
2022-05-08 0:00,32992147321
2022-05-09 0:00,32405409571
2022-05-10 0:00,32000340185
2022-05-11 0:00,31604496908
2022-05-12 0:00,34287211500
2022-05-13 0:00,34578227273
2022-05-14 0:00,34882624596
2022-05-15 0:00,35031168461
2022-05-16 0:00,35527133825
2022-05-17 0:00,34650052835
2022-05-18 0:00,35068171013
2022-05-19 0:00,35541833354
2022-05-20 0:00,34723114379
2022-05-21 0:00,35082991921
2022-05-22 0:00,34590538755
2022-05-23 0:00,34366551994
2022-05-24 0:00,34432678794
2022-05-25 0:00,34596493864
2022-05-26 0:00,34055055394
2022-05-27 0:00,33684596952
2022-05-28 0:00,33639746290
2022-05-29 0:00,33560426266
2022-05-30 0:00,33686004674
2022-05-31 0:00,33929814252
2022-06-01 0:00,33927146523
2022-06-02 0:00,33710558593
2022-06-03 0:00,33580634659
2022-06-04 0:00,33571472708
2022-06-05 0:00,33522551842
2022-06-06 0:00,33732869745
2022-06-07 0:00,33976623144
2022-06-08 0:00,3388329771
2022-06-09 0:00,33838965885
2022-06-10 0:00,33901134547
2022-06-11 0:00,34049573092
2022-06-12 0:00,33776548072
2022-06-13 0:00,33559721157
2022-06-14 0:00,33169790858
2022-06-15 0:00,33589222852
2022-06-16 0:00,34068831807
2022-06-17 0:00,33467140918
2022-06-18 0:00,33212900108
2022-06-19 0:00,33122225970
2022-06-20 0:00,32973744129
2022-06-21 0:00,33122445183
2022-06-22 0:00,32714011219
2022-06-23 0:00,32451022584
2022-06-24 0:00,32472400914
2022-06-25 0:00,32758302158
2022-06-26 0:00,32743947139
2022-06-27 0:00,32870237847
2022-06-28 0:00,32669434258
2022-06-29 0:00,33037119574
2022-06-30 0:00,33139000297
2022-07-01 0:00,33372544976
2022-07-02 0:00,33159975308
2022-07-03 0:00,33040410398
2022-07-04 0:00,33053591653
2022-07-05 0:00,33036458700
2022-07-06 0:00,33243303575
2022-07-07 0:00,33338100824
2022-07-08 0:00,33458929333
2022-07-09 0:00,33440899407
2022-07-10 0:00,33575267870
2022-07-11 0:00,33664015139
2022-07-12 0:00,33648179799
2022-07-13 0:00,33530950295
2022-07-14 0:00,33591946369
2022-07-15 0:00,33141013884
2022-07-16 0:00,33408464991
2022-07-17 0:00,33424490258
2022-07-18 0:00,33545371631
2022-07-19 0:00,33575261497
2022-07-20 0:00,33526653651
2022-07-21 0:00,33380713296
2022-07-22 0:00,33645024419
2022-07-23 0:00,33680692513
2022-07-24 0:00,33565186665
2022-07-25 0:00,33682164608
2022-07-26 0:00,33422158180
2022-07-27 0:00,33349468140
2022-07-28 0:00,33345849913
2022-07-29 0:00,33574244177
2022-07-30 0:00,33541054469
2022-07-31 0:00,33546417473
2022-08-01 0:00,33789536035
2022-08-02 0:00,33820411273
2022-08-03 0:00,33777120369
2022-08-04 0:00,33672384403
2022-08-05 0:00,33630674960
2022-08-06 0:00,33631333375
2022-08-07 0:00,33559484355
2022-08-08 0:00,33619814529
2022-08-09 0:00,33487335580
2022-08-10 0:00,33719556879
2022-08-11 0:00,33739827265
2022-08-12 0:00,33533586373
2022-08-13 0:00,33467667589
2022-08-14 0:00,33402786315
2022-08-15 0:00,33632600828
2022-08-16 0:00,33379126365
2022-08-17 0:00,33569465608
2022-08-18 0:00,33078013403
2022-08-19 0:00,32936835119
2022-08-20 0:00,32965927779
2022-08-21 0:00,32908643730
2022-08-22 0:00,32970741057
2022-08-23 0:00,33032063910
2022-08-24 0:00,33044274940
2022-08-25 0:00,32914894067
2022-08-26 0:00,33059920806
2022-08-27 0:00,33131262112
2022-08-28 0:00,32939613090
2022-08-29 0:00,33323189393
2022-08-30 0:00,33406775440
2022-08-31 0:00,33389254703
2022-09-01 0:00,33336808798
2022-09-02 0:00,33455101790
2022-09-03 0:00,33475410632
2022-09-04 0:00,33361719740
2022-09-05 0:00,33416506253
2022-09-06 0:00,33614808831
2022-09-07 0:00,33460113982
2022-09-08 0:00,34151612067
2022-09-09 0:00,34162210631
2022-09-10 0:00,34110607219
2022-09-11 0:00,34095971429
2022-09-12 0:00,34052759911
2022-09-13 0:00,34091956667
2022-09-14 0:00,33943977240
2022-09-15 0:00,34625637681
2022-09-16 0:00,34545633481
2022-09-17 0:00,34555967883
2022-09-18 0:00,34530644665
2022-09-19 0:00,34961356540
2022-09-20 0:00,35022860412
2022-09-21 0:00,35173085145
2022-09-22 0:00,34815850569
2022-09-23 0:00,34639914508
2022-09-24 0:00,34552915795
2022-09-25 0:00,34370097236
2022-09-26 0:00,34380164331
2022-09-27 0:00,34539207555
2022-09-28 0:00,34253217914
2022-09-29 0:00,33702832040
2022-09-30 0:00,33476529916
2022-10-01 0:00,33507276446
2022-10-02 0:00,33620473833
2022-10-03 0:00,33678120239
2022-10-04 0:00,33930251243
2022-10-05 0:00,34172252578
2022-10-06 0:00,34330406543
2022-10-07 0:00,34423134424
2022-10-08 0:00,34310322963
2022-10-09 0:00,34338237371
2022-10-10 0:00,34118629192
2022-10-11 0:00,34653972557
2022-10-12 0:00,34298352031
2022-10-13 0:00,34716518775
2022-10-14 0:00,34592512517
2022-10-15 0:00,34611849609
2022-10-16 0:00,34530491235
2022-10-17 0:00,34583120851
2022-10-18 0:00,34696706680
2022-10-19 0:00,34886888425
2022-10-20 0:00,34458150242
2022-10-21 0:00,34331778286
2022-10-22 0:00,34691112363
2022-10-23 0:00,34742596622
2022-10-24 0:00,34753077087
2022-10-25 0:00,34818224896
2022-10-26 0:00,34753014254
2022-10-27 0:00,34499248586
2022-10-28 0:00,34878673543
2022-10-29 0:00,34571406647
2022-10-30 0:00,34547061599
2022-10-31 0:00,34288427744
2022-11-01 0:00,34436043699
2022-11-02 0:00,34113839212
2022-11-03 0:00,34585502945
2022-11-04 0:00,34864370439
2022-11-05 0:00,34549003704
2022-11-06 0:00,34227488119
2022-11-07 0:00,34163011392
2022-11-08 0:00,33957564550
2022-11-09 0:00,33330898666
2022-11-10 0:00,33864356896
2022-11-11 0:00,33293284169
2022-11-12 0:00,33044091084
2022-11-13 0:00,31957678551
2022-11-14 0:00,32069258341
2022-11-15 0:00,32335741541
2022-11-16 0:00,31475465713
2022-11-17 0:00,31455995995
2022-11-18 0:00,31351827493
2022-11-19 0:00,30965775864
2022-11-20 0:00,31943361074
2022-11-21 0:00,32001861999
2022-11-22 0:00,32530155332
2022-11-23 0:00,32276511244
2022-11-24 0:00,32406391596
2022-11-25 0:00,31985379878
2022-11-26 0:00,32084226175
2022-11-27 0:00,31918982194
2022-11-28 0:00,32137918951
2022-11-29 0:00,31711924997
2022-11-30 0:00,31818946562
2022-12-01 0:00,31776577029
2022-12-02 0:00,32005260097
2022-12-03 0:00,31969793571
2022-12-04 0:00,31815280200
2022-12-05 0:00,31770770956
2022-12-06 0:00,31798597177
2022-12-07 0:00,31720081388
2022-12-08 0:00,31905108191
2022-12-09 0:00,31606255155
2022-12-10 0:00,31724448888
2022-12-11 0:00,31785131007
2022-12-12 0:00,30997419904
2022-12-13 0:00,31239439615
2022-12-14 0:00,30889115871
2022-12-15 0:00,30760767701
2022-12-16 0:00,30224198894
2022-12-17 0:00,30173833124
2022-12-18 0:00,30128548574
2022-12-19 0:00,29947291031
2022-12-20 0:00,29764124271
2022-12-21 0:00,29721886573
2022-12-22 0:00,29659950605
2022-12-23 0:00,29271339314
2022-12-24 0:00,29412748101
2022-12-25 0:00,29186536499
2022-12-26 0:00,29169862923
2022-12-27 0:00,29133759333
2022-12-28 0:00,29095654685
2022-12-29 0:00,28975528044
2022-12-30 0:00,29187562238
2022-12-31 0:00,28892844933
2023-01-01 0:00,28965011969
2023-01-02 0:00,29195104481
2023-01-03 0:00,29121413169
2023-01-04 0:00,29181395462
2023-01-05 0:00,29375293344
2023-01-06 0:00,28961661587
2023-01-07 0:00,29054879210
2023-01-08 0:00,29080507303
2023-01-09 0:00,29080416530
2023-01-10 0:00,28815597168
2023-01-11 0:00,28855839491
2023-01-12 0:00,28971877471
2023-01-13 0:00,28512294431
2023-01-14 0:00,28480419584
2023-01-15 0:00,28479803491
2023-01-16 0:00,28489916270
2023-01-17 0:00,27522860393
2023-01-18 0:00,27770054003
2023-01-19 0:00,27578305254
2023-01-20 0:00,27770403326
2023-01-21 0:00,27768302853
2023-01-22 0:00,27472732690
2023-01-23 0:00,27269078294
2023-01-24 0:00,27001183906
2023-01-25 0:00,27019854335
2023-01-26 0:00,27176952520
2023-01-27 0:00,26945738668
2023-01-28 0:00,26793924348
2023-01-29 0:00,26734996285
2023-01-30 0:00,26510331372
2023-01-31 0:00,26408230705
2023-02-01 0:00,26533399453
2023-02-02 0:00,26752247921
2023-02-03 0:00,26529296527
2023-02-04 0:00,26592920650
2023-02-05 0:00,26680008463
2023-02-06 0:00,26174513650
2023-02-07 0:00,26102731959
2023-02-08 0:00,26049630764
2023-02-09 0:00,25927300471
2023-02-10 0:00,25924369929
2023-02-11 0:00,25775521426
2023-02-12 0:00,25740015933
2023-02-13 0:00,24960053504
2023-02-14 0:00,24701690042
2023-02-15 0:00,24495089135
2023-02-16 0:00,24317651339
2023-02-17 0:00,23944154670
2023-02-18 0:00,24017737640
2023-02-19 0:00,24013433241
2023-02-20 0:00,23853700660
2023-02-21 0:00,23604721998
2023-02-22 0:00,23066995431
2023-02-23 0:00,23016758898
2023-02-24 0:00,22897522201
2023-02-25 0:00,22933578158
2023-02-26 0:00,22942412180
2023-02-27 0:00,22745121827
2023-02-28 0:00,22575108294
2023-03-01 0:00,22399131308
2023-03-02 0:00,22433283964
2023-03-03 0:00,22664442596
2023-03-04 0:00,24050331445
2023-03-05 0:00,24106172968
2023-03-06 0:00,23793689454
2023-03-07 0:00,23553759437
2023-03-08 0:00,23555537975
2023-03-09 0:00,23310358351
2023-03-10 0:00,23188592385
2023-03-11 0:00,23848464771
2023-03-12 0:00,23456878810
2023-03-13 0:00,23192638271
2023-03-14 0:00,22926571678
2023-03-15 0:00,22421123460
2023-03-16 0:00,22167854389
2023-03-17 0:00,21405747363
2023-03-18 0:00,21404096691
2023-03-19 0:00,21403098482
2023-03-20 0:00,20936842251
2023-03-21 0:00,20715373524
2023-03-22 0:00,20423804066
2023-03-23 0:00,19733298141
2023-03-24 0:00,19404896777
2023-03-25 0:00,19434371862
2023-03-26 0:00,19402527345
2023-03-27 0:00,19040155566
2023-03-28 0:00,18905656689
2023-03-29 0:00,18560669071
2023-03-30 0:00,18520288694
2023-03-31 0:00,18527686024
2023-04-01 0:00,18382110147
2023-04-02 0:00,18341341055
2023-04-03 0:00,18124050466
2023-04-04 0:00,18194956876
2023-04-05 0:00,18189621557
2023-04-06 0:00,18240832312
2023-04-07 0:00,18230587967
2023-04-08 0:00,18174192535
2023-04-09 0:00,18095487508
2023-04-10 0:00,18380773741
2023-04-11 0:00,18514586232
2023-04-12 0:00,18491011684
2023-04-13 0:00,18355993768
2023-04-14 0:00,18126943143
2023-04-15 0:00,18229302692
2023-04-16 0:00,18164521024
2023-04-17 0:00,18080322217
2023-04-18 0:00,18020879502
2023-04-19 0:00,17960727446
2023-04-20 0:00,18034319257
2023-04-21 0:00,17832357134
2023-04-22 0:00,17771340816
2023-04-23 0:00,17783028390
2023-04-24 0:00,17730798669
2023-04-25 0:00,17702999809
2023-04-26 0:00,17512209801
2023-04-27 0:00,17379962100
2023-04-28 0:00,17224829084
2023-04-29 0:00,17425893411
2023-04-30 0:00,17401707169
2023-05-01 0:00,17229891578
2023-05-02 0:00,17249889370
2023-05-03 0:00,17133254852
2023-05-04 0:00,16898627732
2023-05-05 0:00,17157971037
2023-05-06 0:00,17041544895
2023-05-07 0:00,17028682462
2023-05-08 0:00,17095817228
2023-05-09 0:00,16851173877
2023-05-10 0:00,16665708425
2023-05-11 0:00,16533617194
2023-05-12 0:00,16612918678
2023-05-13 0:00,16681931571
2023-05-14 0:00,16679093112
2023-05-15 0:00,16621687336
2023-05-16 0:00,16596185727
2023-05-17 0:00,16553764949
2023-05-18 0:00,16437341369
2023-05-19 0:00,16428034801
2023-05-20 0:00,16499739097
2023-05-21 0:00,16589781310
2023-05-22 0:00,16626866858
2023-05-23 0:00,16507172940
2023-05-24 0:00,16621853344
2023-05-25 0:00,16625133338
2023-05-26 0:00,16984190681
2023-05-27 0:00,16966672659
2023-05-28 0:00,16881256341
2023-05-29 0:00,17073041593
2023-05-30 0:00,17040723564
2023-05-31 0:00,16934198618
2023-06-01 0:00,16821139437
2023-06-02 0:00,16746139198
2023-06-03 0:00,16696867604
2023-06-04 0:00,16714867193
2023-06-05 0:00,16418214376
2023-06-06 0:00,16267831013
2023-06-07 0:00,15912335078
2023-06-08 0:00,15674834045
2023-06-09 0:00,15339027679
2023-06-10 0:00,15380142509
2023-06-11 0:00,15190461383
2023-06-12 0:00,15764186879
2023-06-13 0:00,15873787110
2023-06-14 0:00,15727764557
2023-06-15 0:00,16327980558
2023-06-16 0:00,17661391443
2023-06-17 0:00,17678228118
2023-06-18 0:00,17743414242
2023-06-19 0:00,17853463858
2023-06-20 0:00,18199851895
2023-06-21 0:00,18308626132
2023-06-22 0:00,18251045128
2023-06-23 0:00,18225728875
2023-06-24 0:00,18245382368
2023-06-25 0:00,18208898417
2023-06-26 0:00,18245681268
2023-06-27 0:00,18125181441
2023-06-28 0:00,18125045201
2023-06-29 0:00,18132559942
2023-06-30 0:00,18200744995
2023-07-01 0:00,18079265543
2023-07-02 0:00,18103352837
2023-07-03 0:00,18313644562
2023-07-04 0:00,18238619177
2023-07-05 0:00,18220773879
2023-07-06 0:00,18103714995
2023-07-07 0:00,18177838768
2023-07-08 0:00,18124574074
2023-07-09 0:00,18105126579
2023-07-10 0:00,18135376458
2023-07-11 0:00,18183017005
2023-07-12 0:00,17959022301
2023-07-13 0:00,18208400951
2023-07-14 0:00,18180454146
2023-07-15 0:00,18155222518
2023-07-16 0:00,18224015586
2023-07-17 0:00,18129983975
2023-07-18 0:00,18061757739
2023-07-19 0:00,17873871629
2023-07-20 0:00,17952113206
2023-07-21 0:00,17868937223
2023-07-22 0:00,17947555052
2023-07-23 0:00,17928236861
2023-07-24 0:00,17875745719
2023-07-25 0:00,17857246836
2023-07-26 0:00,18201560935
2023-07-27 0:00,18026551644
2023-07-28 0:00,18045811723
2023-07-29 0:00,18144192418
2023-07-30 0:00,18174312022
2023-07-31 0:00,18076763463
2023-08-01 0:00,17988396182
2023-08-02 0:00,17959800727
2023-08-03 0:00,18059228353
2023-08-04 0:00,17865296563
2023-08-05 0:00,17806400881
2023-08-06 0:00,17760781678
2023-08-07 0:00,17688714706
2023-08-08 0:00,17909750643
2023-08-09 0:00,17903335072
2023-08-10 0:00,17683318917
2023-08-11 0:00,17735240038
2023-08-12 0:00,17717014162
2023-08-13 0:00,17696688767
2023-08-14 0:00,17584708421
2023-08-15 0:00,17644698170
2023-08-16 0:00,17576202767
2023-08-17 0:00,17351730453
2023-08-18 0:00,17336819756
2023-08-19 0:00,17573671362
2023-08-20 0:00,17597004366
2023-08-21 0:00,17677226753
2023-08-22 0:00,17627371566
2023-08-23 0:00,17834131219
2023-08-24 0:00,17722422675
2023-08-25 0:00,17620053152
2023-08-26 0:00,17681168343
2023-08-27 0:00,17682952063
2023-08-28 0:00,17866101982
2023-08-29 0:00,18206846233
2023-08-30 0:00,18179010733
2023-08-31 0:00,18012274777
2023-09-01 0:00,17711444886
2023-09-02 0:00,17762117786
2023-09-03 0:00,17790931715
2023-09-04 0:00,17784805335
2023-09-05 0:00,17895946611
2023-09-06 0:00,17753903480
2023-09-07 0:00,17601450332
2023-09-08 0:00,17654991310
2023-09-09 0:00,17667467045
2023-09-10 0:00,17677452373
2023-09-11 0:00,17698463999
2023-09-12 0:00,17595668773
2023-09-13 0:00,17671660817
2023-09-14 0:00,17789000294
2023-09-15 0:00,17563454806
2023-09-16 0:00,17584875624
2023-09-17 0:00,17598580046
2023-09-18 0:00,17587029564
2023-09-19 0:00,17663734112
2023-09-20 0:00,17489164511
2023-09-21 0:00,17439595878
2023-09-22 0:00,17390451331
2023-09-23 0:00,17368260077
2023-09-24 0:00,17350512217
2023-09-25 0:00,17248776120
2023-09-26 0:00,17223119493
2023-09-27 0:00,17136565799
2023-09-28 0:00,17312554449
2023-09-29 0:00,17364122638
2023-09-30 0:00,17445271021
2023-10-01 0:00,17414878040
2023-10-02 0:00,17564958395
2023-10-03 0:00,17463593831
2023-10-04 0:00,17368108786
2023-10-05 0:00,17455724522
2023-10-06 0:00,17472814875
2023-10-07 0:00,17408408809
2023-10-08 0:00,17391164543
2023-10-09 0:00,17378535834
2023-10-10 0:00,17344612347
2023-10-11 0:00,17171806495
2023-10-12 0:00,17130396427
2023-10-13 0:00,17061576746
2023-10-14 0:00,17064029374
2023-10-15 0:00,17133872030
2023-10-16 0:00,17404545244
2023-10-17 0:00,17420468198
2023-10-18 0:00,17357871285
2023-10-19 0:00,17449954355
2023-10-20 0:00,17454019308
2023-10-21 0:00,17450045550
2023-10-22 0:00,17622809336
2023-10-23 0:00,17698627166
2023-10-24 0:00,17481938476
2023-10-25 0:00,17527291742
2023-10-26 0:00,17502254568
2023-10-27 0:00,17422061937
2023-10-28 0:00,17502127746
2023-10-29 0:00,17540677489
2023-10-30 0:00,17456296349
2023-10-31 0:00,17217873298
2023-11-01 0:00,17257602757
2023-11-02 0:00,17246488803
2023-11-03 0:00,17354197547
2023-11-04 0:00,17465060880
2023-11-05 0:00,17506053608
2023-11-06 0:00,17504953292
2023-11-07 0:00,17554096739
2023-11-08 0:00,17549789445
2023-11-09 0:00,17475499342
2023-11-10 0:00,17676452920
2023-11-11 0:00,17671406625
2023-11-12 0:00,17676837369
2023-11-13 0:00,17466849174
2023-11-14 0:00,17442244133
2023-11-15 0:00,17566656495
2023-11-16 0:00,17457084081
2023-11-17 0:00,17480870130
2023-11-18 0:00,17591612946
2023-11-19 0:00,17634971958
2023-11-20 0:00,17750699357
2023-11-21 0:00,17472985171
2023-11-22 0:00,17412181930
2023-11-23 0:00,17588595173
2023-11-24 0:00,17743212054
2023-11-25 0:00,17741269953
2023-11-26 0:00,17715482629
2023-11-27 0:00,17590412021
2023-11-28 0:00,17737330455
2023-11-29 0:00,17768632108
2023-11-30 0:00,17699396532
2023-12-01 0:00,17828457491
2023-12-02 0:00,17758531490
2023-12-03 0:00,17941889374
2023-12-04 0:00,17873571019
2023-12-05 0:00,17908040919
2023-12-06 0:00,17811633904
2023-12-07 0:00,17960773936
2023-12-08 0:00,18118369821
2023-12-09 0:00,18128079149
2023-12-10 0:00,17983417681
2023-12-11 0:00,17909892847
2023-12-12 0:00,17691373180
2023-12-13 0:00,17755353080
2023-12-14 0:00,17723900921
2023-12-15 0:00,17653153393
2023-12-16 0:00,17540013775
2023-12-17 0:00,17510889052
2023-12-18 0:00,17379314546
2023-12-19 0:00,17257501056
2023-12-20 0:00,17459623652
2023-12-21 0:00,17429006905
2023-12-22 0:00,17625743656
2023-12-23 0:00,17752864633
2023-12-24 0:00,17856821162
2023-12-25 0:00,17952413694
2023-12-26 0:00,17840400200
2023-12-27 0:00,18112546921
2023-12-28 0:00,18406455860
2023-12-29 0:00,18379301609
2023-12-30 0:00,18220118689
2023-12-31 0:00,18060250447
2024-01-01 0:00,17901903547
2024-01-02 0:00,18528772778
2024-01-03 0:00,19018466974
2024-01-04 0:00,19329183151
2024-01-05 0:00,19685056275
2024-01-06 0:00,19628348388
2024-01-07 0:00,19837006629
2024-01-08 0:00,19841086095
2024-01-09 0:00,19779261092
2024-01-10 0:00,19724736801
2024-01-11 0:00,19697689810
2024-01-12 0:00,19450649870
2024-01-13 0:00,19404639134
2024-01-14 0:00,19375314025
2024-01-15 0:00,19330227540
2024-01-16 0:00,19699128983
2024-01-17 0:00,19842551360
2024-01-18 0:00,19637282928
2024-01-19 0:00,19074793253
2024-01-20 0:00,18899564050
2024-01-21 0:00,18782531699
2024-01-22 0:00,18716451427
2024-01-23 0:00,18671100790
2024-01-24 0:00,18819179753
2024-01-25 0:00,18868837475
2024-01-26 0:00,19325837681
2024-01-27 0:00,19367745053
2024-01-28 0:00,19403117460
2024-01-29 0:00,19465876854
2024-01-30 0:00,19137297661
2024-01-31 0:00,19205040384
2024-02-01 0:00,19045298126
2024-02-02 0:00,18955994511
2024-02-03 0:00,18979327028
2024-02-04 0:00,18990732574
2024-02-05 0:00,18931591564
2024-02-06 0:00,19029443312
2024-02-07 0:00,19053961145
2024-02-08 0:00,19439960953
2024-02-09 0:00,19028590844
2024-02-10 0:00,18985807919
2024-02-11 0:00,18931363686
2024-02-12 0:00,18966848664
2024-02-13 0:00,18888208008
2024-02-14 0:00,19113234183
2024-02-15 0:00,19350650178
2024-02-16 0:00,19345948072
2024-02-17 0:00,19347192598
2024-02-18 0:00,19219058545
2024-02-19 0:00,19221858088
2024-02-20 0:00,19156999806
2024-02-21 0:00,18976451113
2024-02-22 0:00,18756368585
2024-02-23 0:00,18597474870
2024-02-24 0:00,18590215702
2024-02-25 0:00,18557869728
2024-02-26 0:00,18876463297
2024-02-27 0:00,18830941132
2024-02-28 0:00,18911929151
2024-02-29 0:00,18982655067
2024-03-01 0:00,18900522840
2024-03-02 0:00,19074068667
2024-03-03 0:00,19127561845
2024-03-04 0:00,19352570118
2024-03-05 0:00,19161833372
2024-03-06 0:00,19444322719
2024-03-07 0:00,19780728249
2024-03-08 0:00,20413587504
2024-03-09 0:00,20982561037
2024-03-10 0:00,20968036222
2024-03-11 0:00,20869014527
2024-03-12 0:00,20698172577
2024-03-13 0:00,20996447713
2024-03-14 0:00,20930846847
2024-03-15 0:00,21198465296
2024-03-16 0:00,21117901254
2024-03-17 0:00,21117045300
2024-03-18 0:00,21202084569
2024-03-19 0:00,21042731432
2024-03-20 0:00,21564679119
2024-03-21 0:00,21652800573
2024-03-22 0:00,21629312613
2024-03-23 0:00,21693841715
2024-03-24 0:00,21617755136
2024-03-25 0:00,21906062904
2024-03-26 0:00,21498070355
2024-03-27 0:00,21228327628
2024-03-28 0:00,21271292873
2024-03-29 0:00,21280012069
2024-03-30 0:00,21273488965
2024-03-31 0:00,21030762735
2024-04-01 0:00,20985504117
2024-04-02 0:00,20722957200
2024-04-03 0:00,21245281345
2024-04-04 0:00,21384251159
2024-04-05 0:00,21284304255
2024-04-06 0:00,21242598293
2024-04-07 0:00,21306536373
2024-04-08 0:00,20890457077
2024-04-09 0:00,21059576035
2024-04-10 0:00,20992497837
2024-04-11 0:00,21124854331
2024-04-12 0:00,20775471152
2024-04-13 0:00,21132943547
2024-04-14 0:00,21336232131
2024-04-15 0:00,21676744123
2024-04-16 0:00,21724747625
2024-04-17 0:00,21778942371
2024-04-18 0:00,22862881307
2024-04-19 0:00,23270508823
2024-04-20 0:00,22999301953
2024-04-21 0:00,23030880534
2024-04-22 0:00,23169905296
2024-04-23 0:00,23260221832
2024-04-24 0:00,22971026549
2024-04-25 0:00,22967148769
2024-04-26 0:00,22811271154
2024-04-27 0:00,22730701819
2024-04-28 0:00,22625908806
2024-04-29 0:00,22700102759
2024-04-30 0:00,22618118223
2024-05-01 0:00,22451087634
2024-05-02 0:00,23002034943
2024-05-03 0:00,23349326581
2024-05-04 0:00,23023620097
2024-05-05 0:00,23051008421
2024-05-06 0:00,22936200560
2024-05-07 0:00,22989345710
2024-05-08 0:00,22922395922
2024-05-09 0:00,22752795308
2024-05-10 0:00,22563479033
2024-05-11 0:00,22607235736
2024-05-12 0:00,22556403221
2024-05-13 0:00,22517914979
2024-05-14 0:00,22608902047
2024-05-15 0:00,23093349494
2024-05-16 0:00,23371406323
2024-05-17 0:00,23517553857
2024-05-18 0:00,23515622495
2024-05-19 0:00,23601348403
2024-05-20 0:00,23714320290
2024-05-21 0:00,23203483712
2024-05-22 0:00,23176601296
2024-05-23 0:00,22996287082
2024-05-24 0:00,23090637234
2024-05-25 0:00,23062657276
2024-05-26 0:00,22877336033
2024-05-27 0:00,22768483596
2024-05-28 0:00,22604991851
2024-05-29 0:00,22683045302
2024-05-30 0:00,22918606659
2024-05-31 0:00,22973273516
2024-06-01 0:00,22952221583
2024-06-02 0:00,22898229320
2024-06-03 0:00,23131981283
2024-06-04 0:00,23258511547
2024-06-05 0:00,23253689091
2024-06-06 0:00,23488969861
2024-06-07 0:00,23300430660
2024-06-08 0:00,23198292414
2024-06-09 0:00,23083722493
2024-06-10 0:00,23097555917
2024-06-11 0:00,23044343556
2024-06-12 0:00,23187204463
2024-06-13 0:00,23247659223
2024-06-14 0:00,23097540457
2024-06-15 0:00,22961509218
2024-06-16 0:00,22911277308
2024-06-17 0:00,23032459879
2024-06-18 0:00,23146199736
2024-06-19 0:00,23068677316
2024-06-20 0:00,22950792531
2024-06-21 0:00,22865284375
2024-06-22 0:00,22763418960
2024-06-23 0:00,22737292692
2024-06-24 0:00,22908999257
2024-06-25 0:00,23143282534
2024-06-26 0:00,23074169034
2024-06-27 0:00,22899891348
2024-06-28 0:00,22753022090
2024-06-29 0:00,22840470623
2024-06-30 0:00,22646362601
2024-07-01 0:00,22606464204
2024-07-02 0:00,22531267820
2024-07-03 0:00,22481888139
2024-07-04 0:00,22405230268
2024-07-05 0:00,22775638386
2024-07-06 0:00,22988133101
2024-07-07 0:00,22984934493
2024-07-08 0:00,22991351965
2024-07-09 0:00,22979787603
2024-07-10 0:00,22919926794
2024-07-11 0:00,22845093217
2024-07-12 0:00,22911182496
2024-07-13 0:00,22853680873
2024-07-14 0:00,22889330762
2024-07-15 0:00,23200598805
2024-07-16 0:00,23474432253
2024-07-17 0:00,23592151335
2024-07-18 0:00,23646277977
2024-07-19 0:00,23873916359
2024-07-20 0:00,23860997454
2024-07-21 0:00,23907101262
2024-07-22 0:00,23833394655
2024-07-23 0:00,23805223540
2024-07-24 0:00,23724190438
2024-07-25 0:00,23653987010
2024-07-26 0:00,23887806232
2024-07-27 0:00,24013208175
2024-07-28 0:00,24012406753
2024-07-29 0:00,23725183888
2024-07-30 0:00,23633617353
2024-07-31 0:00,23403956875
2024-08-01 0:00,23049785942
2024-08-02 0:00,22737194434
2024-08-03 0:00,22842754209
2024-08-04 0:00,22853068747
2024-08-05 0:00,22825811186
2024-08-06 0:00,23989346515
2024-08-07 0:00,24410707646
2024-08-08 0:00,24896583647
2024-08-09 0:00,25048573234
2024-08-10 0:00,24948474276
2024-08-11 0:00,24959834465
2024-08-12 0:00,25100492130
2024-08-13 0:00,25440688003
2024-08-14 0:00,25671149003
2024-08-15 0:00,25764324675
2024-08-16 0:00,26106417015
2024-08-17 0:00,26220621325
2024-08-18 0:00,26175745878
2024-08-19 0:00,26307061087
2024-08-20 0:00,26543097196
2024-08-21 0:00,26660015289
2024-08-22 0:00,26785703832
2024-08-23 0:00,27129306588
2024-08-24 0:00,27079206838
2024-08-25 0:00,27190722807
2024-08-26 0:00,27044025229
2024-08-27 0:00,26803995982
2024-08-28 0:00,27084238551
2024-08-29 0:00,27184871159
2024-08-30 0:00,26948285886
2024-08-31 0:00,26848825188
2024-09-01 0:00,26878977614
2024-09-02 0:00,26904384326
2024-09-03 0:00,26572540016
2024-09-04 0:00,26820134156
2024-09-05 0:00,26695484798
2024-09-06 0:00,26463751147
2024-09-07 0:00,26650227050
2024-09-08 0:00,26696729397
2024-09-09 0:00,26922678286
2024-09-10 0:00,27514110384
2024-09-11 0:00,27625202660
2024-09-12 0:00,27539888526
2024-09-13 0:00,27541285198
2024-09-14 0:00,27510117358
2024-09-15 0:00,27464486770
2024-09-16 0:00,27406863339
2024-09-17 0:00,27574910896
2024-09-18 0:00,27459060583
2024-09-19 0:00,27414392269
2024-09-20 0:00,27213714814
2024-09-21 0:00,27262608343
2024-09-22 0:00,27228300540
2024-09-23 0:00,27160402134
2024-09-24 0:00,27266951863
2024-09-25 0:00,27266761276
2024-09-26 0:00,27449305582
2024-09-27 0:00,27525659047
2024-09-28 0:00,27688162611
2024-09-29 0:00,27521421365
2024-09-30 0:00,27324973045
2024-10-01 0:00,27117999050
2024-10-02 0:00,27181644879
2024-10-03 0:00,27067339029
2024-10-04 0:00,27375584143
2024-10-05 0:00,27350759781
2024-10-06 0:00,27390992710
2024-10-07 0:00,27458338637
2024-10-08 0:00,27361632385
2024-10-09 0:00,27073876315
2024-10-10 0:00,26950641846
2024-10-11 0:00,27268863403
2024-10-12 0:00,27269738390
2024-10-13 0:00,27244549601
2024-10-14 0:00,27306887761
2024-10-15 0:00,27444861799
2024-10-16 0:00,27620055887
2024-10-17 0:00,27762146722
2024-10-18 0:00,28020044149
2024-10-19 0:00,27994569173
2024-10-20 0:00,27959772049
2024-10-21 0:00,28000638097
2024-10-22 0:00,27845264112
2024-10-23 0:00,27407030602
2024-10-24 0:00,27351766862
2024-10-25 0:00,27588020370
2024-10-26 0:00,27721409274
2024-10-27 0:00,27780875101
2024-10-28 0:00,28002364770
2024-10-29 0:00,28199635601
2024-10-30 0:00,28039896160
2024-10-31 0:00,27811516463
2024-11-01 0:00,28167744497
2024-11-02 0:00,28052380421
2024-11-03 0:00,28092568361
2024-11-04 0:00,28378797439
2024-11-05 0:00,28558948521
2024-11-06 0:00,31048752937
2024-11-07 0:00,31360855549
2024-11-08 0:00,32211751199
2024-11-09 0:00,32315871968
2024-11-10 0:00,32393654532
2024-11-11 0:00,32999507018
2024-11-12 0:00,35014849010
2024-11-13 0:00,35398948934
2024-11-14 0:00,35572945215
2024-11-15 0:00,35870781184
2024-11-16 0:00,35965185138
2024-11-17 0:00,35935380202
2024-11-18 0:00,37538782800
2024-11-19 0:00,37673207470
2024-11-20 0:00,39114514228
2024-11-21 0:00,38967939898
2024-11-22 0:00,40136426742
2024-11-23 0:00,40358161556
2024-11-24 0:00,40526723234
2024-11-25 0:00,40358138598
2024-11-26 0:00,40618875914
2024-11-27 0:00,41787917761
2024-11-28 0:00,41994430390
2024-11-29 0:00,42557032316
2024-11-30 0:00,42396682134
2024-12-01 0:00,42590249328
2024-12-02 0:00,42901301821
2024-12-03 0:00,43272731598
2024-12-04 0:00,43929130835
2024-12-05 0:00,44069569463
2024-12-06 0:00,45041139196
2024-12-07 0:00,45434635292
2024-12-08 0:00,45355550930
2024-12-09 0:00,45452753131
2024-12-10 0:00,46144108522
2024-12-11 0:00,47079110691
2024-12-12 0:00,47109024482
2024-12-13 0:00,47817462445
2024-12-14 0:00,47764408476
2024-12-15 0:00,47877344556
2024-12-16 0:00,47612473386
2024-12-17 0:00,47715531438
2024-12-18 0:00,47337670383
2024-12-19 0:00,47222247389
2024-12-20 0:00,47806768097
2024-12-21 0:00,47840779232
2024-12-22 0:00,47634832729
2024-12-23 0:00,47236256492
2024-12-24 0:00,47192422313
2024-12-25 0:00,47128661349
2024-12-26 0:00,47145807050
2024-12-27 0:00,47544498049
2024-12-28 0:00,47379766762
2024-12-29 0:00,47554149873
2024-12-30 0:00,48024554789
2024-12-31 0:00,47708820070
2025-01-01 0:00,47473074423
2025-01-02 0:00,47264144658
2025-01-03 0:00,47570092673
2025-01-04 0:00,47472290917
2025-01-05 0:00,47572544970
2025-01-06 0:00,48091954410
2025-01-07 0:00,48350116529
2025-01-08 0:00,48074412151
2025-01-09 0:00,48003172328
2025-01-10 0:00,48120030060
2025-01-11 0:00,47861197691
2025-01-12 0:00,47846786062
2025-01-13 0:00,48021208108
2025-01-14 0:00,48211583301
2025-01-15 0:00,48635898544
2025-01-16 0:00,48680307845
2025-01-17 0:00,49165760629
2025-01-18 0:00,48721463196
2025-01-19 0:00,48543996823
2025-01-20 0:00,48662311980
2025-01-21 0:00,48786791952
2025-01-22 0:00,48483286220
2025-01-23 0:00,48840620921
2025-01-24 0:00,48988373534
2025-01-25 0:00,48602903453
2025-01-26 0:00,48757307652
2025-01-27 0:00,48666177191
2025-01-28 0:00,48170260195
2025-01-29 0:00,48182486062
2025-01-30 0:00,48433930147
2025-01-31 0:00,48389413561
2025-02-01 0:00,48170733584
2025-02-02 0:00,48306223140
2025-02-03 0:00,49656914279
2025-02-04 0:00,50037568433
2025-02-05 0:00,50213882767
2025-02-06 0:00,50045241159
2025-02-07 0:00,49821129621
2025-02-08 0:00,49344581407
2025-02-09 0:00,49344328842
2025-02-10 0:00,49150299436
2025-02-11 0:00,48883400970
2025-02-12 0:00,49983253499
2025-02-13 0:00,49991174625
2025-02-14 0:00,50171987315
2025-02-15 0:00,50133269969
2025-02-16 0:00,50154051205
2025-02-17 0:00,50145644306
2025-02-18 0:00,49973582532
2025-02-19 0:00,50000086638
2025-02-20 0:00,50467873244
2025-02-21 0:00,50478078624
2025-02-22 0:00,49552411007
2025-02-23 0:00,49175436236
2025-02-24 0:00,48850824853
2025-02-25 0:00,48882931265
2025-02-26 0:00,49281674891
2025-02-27 0:00,49113108983
2025-02-28 0:00,48878234935
2025-03-01 0:00,49023397650
2025-03-02 0:00,49856315842
2025-03-03 0:00,49307991228
2025-03-04 0:00,49671106365
2025-03-05 0:00,49710557931
2025-03-06 0:00,49764386585
2025-03-07 0:00,49444622936
2025-03-08 0:00,49324232037
2025-03-09 0:00,49468084307
2025-03-10 0:00,49427234974
2025-03-11 0:00,49506533642
2025-03-12 0:00,49836964142
2025-03-13 0:00,49666315598
2025-03-14 0:00,49651489763
2025-03-15 0:00,49628992653
2025-03-16 0:00,49727537595
2025-03-17 0:00,49461405396
2025-03-18 0:00,49360327038
2025-03-19 0:00,49291825202
2025-03-20 0:00,49078250375
2025-03-21 0:00,49411339601
2025-03-22 0:00,49337998926
2025-03-23 0:00,49147403127
2025-03-24 0:00,48686465826
2025-03-25 0:00,49116925350
2025-03-26 0:00,48744537518
2025-03-27 0:00,49752613810
2025-03-28 0:00,49497850057
2025-03-29 0:00,49366742802
2025-03-30 0:00,49394108412
2025-03-31 0:00,47786315079
2025-04-01 0:00,47794224051
2025-04-02 0:00,47613431233
2025-04-03 0:00,47073951699
2025-04-04 0:00,46946873381
2025-04-05 0:00,46515570544
2025-04-06 0:00,46148563498
2025-04-07 0:00,46022130205
2025-04-08 0:00,46238439859
2025-04-09 0:00,46612140560
2025-04-10 0:00,47062494896
2025-04-11 0:00,47912177250
2025-04-12 0:00,47738351985
2025-04-13 0:00,47392125545
2025-04-14 0:00,47311825079
2025-04-15 0:00,47004460333
2025-04-16 0:00,46978412113
2025-04-17 0:00,47237856858
2025-04-18 0:00,47459720551
2025-04-19 0:00,47409208923
2025-04-20 0:00,47324058906
2025-04-21 0:00,47288441145
2025-04-22 0:00,47674840412
2025-04-23 0:00,47421929265
2025-04-24 0:00,47229382836
2025-04-25 0:00,47408199095
2025-04-26 0:00,47675849150
2025-04-27 0:00,47335193720
2025-04-28 0:00,47810926359
2025-04-29 0:00,47864577919
2025-04-30 0:00,47702474102
2025-05-01 0:00,47913084909
2025-05-02 0:00,47837333798
2025-05-03 0:00,47756746415
2025-05-04 0:00,47258495172
2025-05-05 0:00,47495141388
2025-05-06 0:00,48137096001
2025-05-07 0:00,48398744367
2025-05-08 0:00,48129595341
2025-05-09 0:00,48093540205
2025-05-10 0:00,47997809023
2025-05-11 0:00,48312666104
2025-05-12 0:00,48394353079
2025-05-13 0:00,48579611608
2025-05-14 0:00,48965597775
2025-05-15 0:00,47709897279
2025-05-16 0:00,48743760337
2025-05-17 0:00,48540387068
2025-05-18 0:00,48287657898
2025-05-19 0:00,48331914174
2025-05-20 0:00,48710745410
2025-05-21 0:00,49580988137
2025-05-22 0:00,49595432257
2025-05-23 0:00,50056032582
2025-05-24 0:00,49968900565
2025-05-25 0:00,49989983815
2025-05-26 0:00,49838508930
2025-05-27 0:00,50068293482
2025-05-28 0:00,49794100747
2025-05-29 0:00,49149346127
2025-05-30 0:00,49255512003
2025-05-31 0:00,49347744517
2025-06-01 0:00,49618575461
2025-06-02 0:00,50059122073
2025-06-03 0:00,50274344762
2025-06-04 0:00,50403494468
2025-06-05 0:00,49927523323
2025-06-06 0:00,50342170683
2025-06-07 0:00,50359622810
2025-06-08 0:00,50201376335
2025-06-09 0:00,50759490602
2025-06-10 0:00,50122159818
2025-06-11 0:00,50138262446
2025-06-12 0:00,50044558492
2025-06-13 0:00,50663244921
2025-06-14 0:00,50616421915
2025-06-15 0:00,50686297749
2025-06-16 0:00,51348761766
2025-06-17 0:00,51717476270
2025-06-18 0:00,51574044527
2025-06-19 0:00,51666476274
2025-06-20 0:00,51511537174
2025-06-21 0:00,51812517076
2025-06-22 0:00,52642823739
2025-06-23 0:00,51290223389
2025-06-24 0:00,51678374670
2025-06-25 0:00,51973604708
2025-06-26 0:00,52065941588
2025-06-27 0:00,51513927362
2025-06-28 0:00,51464951728
2025-06-29 0:00,51379639400
2025-06-30 0:00,50996545363
2025-07-01 0:00,50699430888
2025-07-02 0:00,51186696927
2025-07-03 0:00,51313008193
2025-07-04 0:00,50944615469
2025-07-05 0:00,51065041601
2025-07-06 0:00,51130943273
2025-07-07 0:00,50932697248
2025-07-08 0:00,50871444189
2025-07-09 0:00,51354477986
2025-07-10 0:00,51870651277
2025-07-11 0:00,52491086453
2025-07-12 0:00,53014614528
2025-07-13 0:00,52809095601
2025-07-14 0:00,51993786299
2025-07-15 0:00,51346000964
2025-07-16 0:00,54038379120
2025-07-17 0:00,54300050414
2025-07-18 0:00,54806514530
2025-07-19 0:00,54484701595
2025-07-20 0:00,53961661351
2025-07-21 0:00,54291845577
2025-07-22 0:00,54506665716
2025-07-23 0:00,54171654094
2025-07-24 0:00,54466628840
2025-07-25 0:00,53291223584
2025-07-26 0:00,53677424999
2025-07-27 0:00,53151017716
2025-07-28 0:00,52725976847
2025-07-29 0:00,53094850857
2025-07-30 0:00,53193344158
2025-07-31 0:00,53536376905
2025-08-01 0:00,53533626248
2025-08-02 0:00,53524882215
2025-08-03 0:00,53471252210
2025-08-04 0:00,53458187294
2025-08-05 0:00,53691057581
2025-08-06 0:00,53712997545
2025-08-07 0:00,54026014194
2025-08-08 0:00,53499545371
2025-08-09 0:00,53719993310
2025-08-10 0:00,53713753443
2025-08-11 0:00,54157950765
2025-08-12 0:00,54473678325
2025-08-13 0:00,55109785971
2025-08-14 0:00,56289854807
2025-08-15 0:00,57241691938
2025-08-16 0:00,56728797459
2025-08-17 0:00,56525436615
2025-08-18 0:00,56647152579
2025-08-19 0:00,56121248545
2025-08-20 0:00,56461577935
2025-08-21 0:00,56535888538
2025-08-22 0:00,57781869316
2025-08-23 0:00,56267920692
2025-08-24 0:00,56321733962
2025-08-25 0:00,56661493011
2025-08-26 0:00,57609542214
2025-08-27 0:00,57665755735
2025-08-28 0:00,58959609667
2025-08-29 0:00,57920438104
2025-08-30 0:00,58483249337
2025-08-31 0:00,58638411753
2025-09-01 0:00,58405001655
2025-09-02 0:00,57358555866
2025-09-03 0:00,57431869746
2025-09-04 0:00,59376958502
2025-09-05 0:00,59395308505
2025-09-06 0:00,59567783263
2025-09-07 0:00,58331947790
2025-09-08 0:00,58556770352
2025-09-09 0:00,58690458144
2025-09-10 0:00,58737149891
2025-09-11 0:00,59008781687
2025-09-12 0:00,58962932870
2025-09-13 0:00,59213698188
2025-09-14 0:00,59529468127
2025-09-15 0:00,59539275198
2025-09-16 0:00,61512792399
2025-09-17 0:00,61532205817
2025-09-18 0:00,62315165475
2025-09-19 0:00,62819899276
2025-09-20 0:00,62492196601
2025-09-21 0:00,62435358414
2025-09-22 0:00,61908740130
2025-09-23 0:00,61497106821
2025-09-24 0:00,60455623432
2025-09-25 0:00,59275707218
2025-09-26 0:00,58578753870
2025-09-27 0:00,58588183361
2025-09-28 0:00,58265061679
2025-09-29 0:00,57581840154
2025-09-30 0:00,57801193835
2025-10-01 0:00,58596526400
2025-10-02 0:00,58829373806
2025-10-03 0:00,59144351740
2025-10-04 0:00,59160530183
2025-10-05 0:00,58935277851
2025-10-06 0:00,59730123918
2025-10-07 0:00,59827943332
2025-10-08 0:00,59741321134
2025-10-09 0:00,59972223948
2025-10-10 0:00,60555584253
2025-10-11 0:00,60773709281
2025-10-12 0:00,60479544585
2025-10-13 0:00,60614448496
2025-10-14 0:00,61404077885
2025-10-15 0:00,61447929735
2025-10-16 0:00,61910024746
2025-10-17 0:00,62556386332
2025-10-18 0:00,62821827668
2025-10-19 0:00,62738380946
2025-10-20 0:00,62808125301
2025-10-21 0:00,63214316934
2025-10-22 0:00,63380554537
2025-10-23 0:00,62852510106
2025-10-24 0:00,62899617419
2025-10-25 0:00,63031987332
2025-10-26 0:00,62598377009
2025-10-27 0:00,63027418681
2025-10-28 0:00,63761892247
2025-10-29 0:00,63584126080
2025-10-30 0:00,64157697571
2025-10-31 0:00,65562541965
2025-11-01 0:00,65972026279
2025-11-02 0:00,65947878913
2025-11-03 0:00,65620073113
2025-11-04 0:00,66462732927
2025-11-05 0:00,68214182031
2025-11-06 0:00,68161975109
2025-11-07 0:00,68100046163
2025-11-08 0:00,68073853285
2025-11-09 0:00,67752002091
2025-11-10 0:00,68697536031
2025-11-11 0:00,69076771186
2025-11-12 0:00,68899778535
2025-11-13 0:00,68482315058
2025-11-14 0:00,68407550991
2025-11-15 0:00,68703987445
2025-11-16 0:00,68093660171
2025-11-17 0:00,67694630701
2025-11-18 0:00,67570151524
2025-11-19 0:00,67410699462
2025-11-20 0:00,67371195165
2025-11-21 0:00,67209233611
2025-11-22 0:00,67590889639
2025-11-23 0:00,67769918668
2025-11-24 0:00,67662689627
2025-11-25 0:00,67266219737
2025-11-26 0:00,67194782491
2025-11-27 0:00,67271188087
2025-11-28 0:00,66851775588
2025-11-29 0:00,66786870715
2025-11-30 0:00,66552150179
2025-12-01 0:00,66953023986
2025-12-02 0:00,66958237134
2025-12-03 0:00,67200729029
2025-12-04 0:00,67117117438
2025-12-05 0:00,66013197806
2025-12-06 0:00,65498119753
2025-12-07 0:00,65384160075
2025-12-08 0:00,65361227130
2025-12-09 0:00,65580925005
2025-12-10 0:00,65339707270
2025-12-11 0:00,65434899542
2025-12-12 0:00,65426369708
2025-12-13 0:00,65686668956
2025-12-14 0:00,64180395359
2025-12-15 0:00,63792820385
2025-12-16 0:00,62961006155
2025-12-17 0:00,63273261707
2025-12-18 0:00,62598947671
2025-12-19 0:00,62930330488
2025-12-20 0:00,62855154953
2025-12-21 0:00,62924675071
2025-12-22 0:00,62657308420
2025-12-23 0:00,62637605577
2025-12-24 0:00,62598011082
